<?xml version="1.0" encoding="UTF-8"?>
<DocSetNodes version="1.0">
  <TOC>
    <Node>
      <Name>Root</Name>
      <Path>index.html</Path>
      <Subnodes>
       <Node>
        <Name>Clases</Name>
        <Path>annotated.html</Path>
        <Subnodes>
         <Node>
          <Name>Lista de clases</Name>
          <Path>annotated.html</Path>
          <Subnodes>
           <Node>
            <Name>Cjt_clusters</Name>
            <Path>class_cjt__clusters.html</Path>
            <Subnodes>
             <Node>
              <Name>tabla_dist_clust</Name>
              <Path>class_cjt__clusters.html</Path>
              <Anchor>a8298bacd14980c99c9558c72702174e8</Anchor>
             </Node>
             <Node>
              <Name>imprime_tabla_distancias</Name>
              <Path>class_cjt__clusters.html</Path>
              <Anchor>a73d9140aa2af9e2a189396cadbc8c327</Anchor>
             </Node>
             <Node>
              <Name>min_dist</Name>
              <Path>class_cjt__clusters.html</Path>
              <Anchor>a16a83a28b826a223d908689622e2d1ac</Anchor>
             </Node>
             <Node>
              <Name>dist_clust</Name>
              <Path>class_cjt__clusters.html</Path>
              <Anchor>a85f675adbd2142e12825c9bf84c53521</Anchor>
             </Node>
             <Node>
              <Name>imprime_cluster</Name>
              <Path>class_cjt__clusters.html</Path>
              <Anchor>aeead6f73476c1d0a814403b801141741</Anchor>
             </Node>
             <Node>
              <Name>inicialitza_clusters</Name>
              <Path>class_cjt__clusters.html</Path>
              <Anchor>ac309c781b06d06ec9a2b4bc839c01f40</Anchor>
             </Node>
             <Node>
              <Name>ejecuta_paso_wpgma</Name>
              <Path>class_cjt__clusters.html</Path>
              <Anchor>a1804b08a854e11aefae84298c16bf9c8</Anchor>
             </Node>
             <Node>
              <Name>imprime_arbol_filogenetico</Name>
              <Path>class_cjt__clusters.html</Path>
              <Anchor>a8a92eefe19f7eafc403690a30d87b99e</Anchor>
             </Node>
             <Node>
              <Name>elimina_especie_clusters</Name>
              <Path>class_cjt__clusters.html</Path>
              <Anchor>ae81267c7b82d60b212c02f9ff040eca5</Anchor>
             </Node>
             <Node>
              <Name>afegeix_especie_clusters</Name>
              <Path>class_cjt__clusters.html</Path>
              <Anchor>aa032b0cd8fc22d549d986739b7e10b31</Anchor>
             </Node>
             <Node>
              <Name>ejecuta_paso_wpgm_sense_imprimir</Name>
              <Path>class_cjt__clusters.html</Path>
              <Anchor>adbe6fcbee6a22aaeb751b0df0ab16921</Anchor>
             </Node>
             <Node>
              <Name>map_clusters</Name>
              <Path>class_cjt__clusters.html</Path>
              <Anchor>aee8b5f7c1021b21308fb657529c2ae0b</Anchor>
             </Node>
             <Node>
              <Name>tabla_distancias_cluster</Name>
              <Path>class_cjt__clusters.html</Path>
              <Anchor>aa8d53231821f38f1867001be195d8d63</Anchor>
             </Node>
            </Subnodes>
           </Node>
           <Node>
            <Name>Cjt_especies</Name>
            <Path>class_cjt__especies.html</Path>
            <Subnodes>
             <Node>
              <Name>Cjt_especies</Name>
              <Path>class_cjt__especies.html</Path>
              <Anchor>ab297567c73ccd8caefbd8760d90294a1</Anchor>
             </Node>
             <Node>
              <Name>elimina_especie_tabla_dist</Name>
              <Path>class_cjt__especies.html</Path>
              <Anchor>aa9f562fc745558783a3634c38df07ad5</Anchor>
             </Node>
             <Node>
              <Name>afegeix_especie_tabla_dist</Name>
              <Path>class_cjt__especies.html</Path>
              <Anchor>a90a082e134d49bc8cee834b4ff5d0e8b</Anchor>
             </Node>
             <Node>
              <Name>crea_especie</Name>
              <Path>class_cjt__especies.html</Path>
              <Anchor>a96c09a2e9fb27a4bf48aba20dfa86bd8</Anchor>
             </Node>
             <Node>
              <Name>elimina_especie</Name>
              <Path>class_cjt__especies.html</Path>
              <Anchor>a869c218f09aa589d21f497196bb79e67</Anchor>
             </Node>
             <Node>
              <Name>existeix_especie</Name>
              <Path>class_cjt__especies.html</Path>
              <Anchor>a86bd41f60448306f12ec55e6fc054659</Anchor>
             </Node>
             <Node>
              <Name>calcular_distancia</Name>
              <Path>class_cjt__especies.html</Path>
              <Anchor>aa4191c64a5008de2272e0e3489aeb778</Anchor>
             </Node>
             <Node>
              <Name>obtener_gen</Name>
              <Path>class_cjt__especies.html</Path>
              <Anchor>a3a1dc5f705c2271ee9c1dfd14ac6822d</Anchor>
             </Node>
             <Node>
              <Name>tabla_distancias</Name>
              <Path>class_cjt__especies.html</Path>
              <Anchor>a653d6b120928015ad38a5dc30ebeec8e</Anchor>
             </Node>
             <Node>
              <Name>lee_cjt_especies</Name>
              <Path>class_cjt__especies.html</Path>
              <Anchor>a1f554d3f098484c20372c43b844752db</Anchor>
             </Node>
             <Node>
              <Name>imprime_cjt_especies</Name>
              <Path>class_cjt__especies.html</Path>
              <Anchor>aba7f0f935b6e0b8eb38337ad8675fead</Anchor>
             </Node>
             <Node>
              <Name>final</Name>
              <Path>class_cjt__especies.html</Path>
              <Anchor>a44c59750dd9223ea12f954247fd11504</Anchor>
             </Node>
             <Node>
              <Name>inicio</Name>
              <Path>class_cjt__especies.html</Path>
              <Anchor>aedcfb0e423c5c02653c8a5d362cfa784</Anchor>
             </Node>
             <Node>
              <Name>actual</Name>
              <Path>class_cjt__especies.html</Path>
              <Anchor>a2cd05fceb53ec9604eb4dcb6abea1c4d</Anchor>
             </Node>
             <Node>
              <Name>avanza</Name>
              <Path>class_cjt__especies.html</Path>
              <Anchor>acc3beaf9ea5a96f33296f5cc15b8b5a2</Anchor>
             </Node>
             <Node>
              <Name>cjt_especies</Name>
              <Path>class_cjt__especies.html</Path>
              <Anchor>a89de09003e9a86f62766d89ed22d599f</Anchor>
             </Node>
             <Node>
              <Name>taula_distancies</Name>
              <Path>class_cjt__especies.html</Path>
              <Anchor>a11b8753b208b06eac1585faafa8d7bae</Anchor>
             </Node>
             <Node>
              <Name>it</Name>
              <Path>class_cjt__especies.html</Path>
              <Anchor>a52fed7408be24ac0dc3462b24ddb06a0</Anchor>
             </Node>
            </Subnodes>
           </Node>
           <Node>
            <Name>Cluster</Name>
            <Path>class_cluster.html</Path>
            <Subnodes>
             <Node>
              <Name>Cluster</Name>
              <Path>class_cluster.html</Path>
              <Anchor>aee7feb1d599d4c8fda6c3ee83e86ba81</Anchor>
             </Node>
             <Node>
              <Name>Cluster</Name>
              <Path>class_cluster.html</Path>
              <Anchor>a4702942c6848ae6fbb7de215b49797d5</Anchor>
             </Node>
             <Node>
              <Name>Cluster</Name>
              <Path>class_cluster.html</Path>
              <Anchor>aaf336dfa4bfb02c0fd71395615636fb4</Anchor>
             </Node>
             <Node>
              <Name>sub_arbre_cluster</Name>
              <Path>class_cluster.html</Path>
              <Anchor>ace44d06aa5b728ebe1245905cabbf943</Anchor>
             </Node>
             <Node>
              <Name>escriure</Name>
              <Path>class_cluster.html</Path>
              <Anchor>aae67c144fc543eace946dc8a651b5b7a</Anchor>
             </Node>
             <Node>
              <Name>inm_escriure</Name>
              <Path>class_cluster.html</Path>
              <Anchor>a1856b0f1ca9243208451c965313af753</Anchor>
             </Node>
             <Node>
              <Name>cerca</Name>
              <Path>class_cluster.html</Path>
              <Anchor>a1014524cf8fca2165ee6ec5ed0eac743</Anchor>
             </Node>
            </Subnodes>
           </Node>
           <Node>
            <Name>Especie</Name>
            <Path>class_especie.html</Path>
            <Subnodes>
             <Node>
              <Name>Especie</Name>
              <Path>class_especie.html</Path>
              <Anchor>a272c2488719cc9874b2f174906675b3d</Anchor>
             </Node>
             <Node>
              <Name>Especie</Name>
              <Path>class_especie.html</Path>
              <Anchor>a9cd047acfec0dbd335b5801b0ade53d3</Anchor>
             </Node>
             <Node>
              <Name>kmer</Name>
              <Path>class_especie.html</Path>
              <Anchor>a2bd896f271d0983f609735df8809cccc</Anchor>
             </Node>
             <Node>
              <Name>consultar_gen</Name>
              <Path>class_especie.html</Path>
              <Anchor>a850af2b59a21e2d801c59d76ba5c1a98</Anchor>
             </Node>
             <Node>
              <Name>distancia</Name>
              <Path>class_especie.html</Path>
              <Anchor>a2037b4bf2d55d8c6ffb90811ad1c4a1b</Anchor>
             </Node>
             <Node>
              <Name>escriure</Name>
              <Path>class_especie.html</Path>
              <Anchor>ae24802ae0746b2560a48eea40f64760e</Anchor>
             </Node>
             <Node>
              <Name>gen</Name>
              <Path>class_especie.html</Path>
              <Anchor>ac35bb565f7346cd6317b3a8c849456d1</Anchor>
             </Node>
             <Node>
              <Name>k_meros</Name>
              <Path>class_especie.html</Path>
              <Anchor>a0c42a37fe5502ebbe9e91e364c90bd3e</Anchor>
             </Node>
            </Subnodes>
           </Node>
          </Subnodes>
         </Node>
         <Node>
          <Name>Miembros de las clases</Name>
          <Path>functions.html</Path>
          <Subnodes>
           <Node>
            <Name>Todo</Name>
            <Path>functions.html</Path>
           </Node>
           <Node>
            <Name>Funciones</Name>
            <Path>functions_func.html</Path>
           </Node>
           <Node>
            <Name>Variables</Name>
            <Path>functions_vars.html</Path>
           </Node>
          </Subnodes>
         </Node>
        </Subnodes>
       </Node>
       <Node>
        <Name>Archivos</Name>
        <Path>files.html</Path>
        <Subnodes>
         <Node>
          <Name>Lista de archivos</Name>
          <Path>files.html</Path>
          <Subnodes>
           <Node>
            <Name>Cjt_clusters.cc</Name>
            <Path>_cjt__clusters_8cc.html</Path>
           </Node>
           <Node>
            <Name>Cjt_clusters.hh</Name>
            <Path>_cjt__clusters_8hh.html</Path>
            <Subnodes>
             <Node>
              <Name>Cjt_clusters</Name>
              <Path>class_cjt__clusters.html</Path>
              <Subnodes>
               <Node>
                <Name>tabla_dist_clust</Name>
                <Path>class_cjt__clusters.html</Path>
                <Anchor>a8298bacd14980c99c9558c72702174e8</Anchor>
               </Node>
               <Node>
                <Name>imprime_tabla_distancias</Name>
                <Path>class_cjt__clusters.html</Path>
                <Anchor>a73d9140aa2af9e2a189396cadbc8c327</Anchor>
               </Node>
               <Node>
                <Name>min_dist</Name>
                <Path>class_cjt__clusters.html</Path>
                <Anchor>a16a83a28b826a223d908689622e2d1ac</Anchor>
               </Node>
               <Node>
                <Name>dist_clust</Name>
                <Path>class_cjt__clusters.html</Path>
                <Anchor>a85f675adbd2142e12825c9bf84c53521</Anchor>
               </Node>
               <Node>
                <Name>imprime_cluster</Name>
                <Path>class_cjt__clusters.html</Path>
                <Anchor>aeead6f73476c1d0a814403b801141741</Anchor>
               </Node>
               <Node>
                <Name>inicialitza_clusters</Name>
                <Path>class_cjt__clusters.html</Path>
                <Anchor>ac309c781b06d06ec9a2b4bc839c01f40</Anchor>
               </Node>
               <Node>
                <Name>ejecuta_paso_wpgma</Name>
                <Path>class_cjt__clusters.html</Path>
                <Anchor>a1804b08a854e11aefae84298c16bf9c8</Anchor>
               </Node>
               <Node>
                <Name>imprime_arbol_filogenetico</Name>
                <Path>class_cjt__clusters.html</Path>
                <Anchor>a8a92eefe19f7eafc403690a30d87b99e</Anchor>
               </Node>
               <Node>
                <Name>elimina_especie_clusters</Name>
                <Path>class_cjt__clusters.html</Path>
                <Anchor>ae81267c7b82d60b212c02f9ff040eca5</Anchor>
               </Node>
               <Node>
                <Name>afegeix_especie_clusters</Name>
                <Path>class_cjt__clusters.html</Path>
                <Anchor>aa032b0cd8fc22d549d986739b7e10b31</Anchor>
               </Node>
               <Node>
                <Name>ejecuta_paso_wpgm_sense_imprimir</Name>
                <Path>class_cjt__clusters.html</Path>
                <Anchor>adbe6fcbee6a22aaeb751b0df0ab16921</Anchor>
               </Node>
               <Node>
                <Name>map_clusters</Name>
                <Path>class_cjt__clusters.html</Path>
                <Anchor>aee8b5f7c1021b21308fb657529c2ae0b</Anchor>
               </Node>
               <Node>
                <Name>tabla_distancias_cluster</Name>
                <Path>class_cjt__clusters.html</Path>
                <Anchor>aa8d53231821f38f1867001be195d8d63</Anchor>
               </Node>
              </Subnodes>
             </Node>
             <Node>
              <Name>CJT_CLUSTER_HH</Name>
              <Path>_cjt__clusters_8hh.html</Path>
              <Anchor>af283c7c3076dbf48e48e3af57118520f</Anchor>
             </Node>
            </Subnodes>
           </Node>
           <Node>
            <Name>Cjt_especies.cc</Name>
            <Path>_cjt__especies_8cc.html</Path>
           </Node>
           <Node>
            <Name>Cjt_especies.hh</Name>
            <Path>_cjt__especies_8hh.html</Path>
            <Subnodes>
             <Node>
              <Name>Cjt_especies</Name>
              <Path>class_cjt__especies.html</Path>
              <Subnodes>
               <Node>
                <Name>Cjt_especies</Name>
                <Path>class_cjt__especies.html</Path>
                <Anchor>ab297567c73ccd8caefbd8760d90294a1</Anchor>
               </Node>
               <Node>
                <Name>elimina_especie_tabla_dist</Name>
                <Path>class_cjt__especies.html</Path>
                <Anchor>aa9f562fc745558783a3634c38df07ad5</Anchor>
               </Node>
               <Node>
                <Name>afegeix_especie_tabla_dist</Name>
                <Path>class_cjt__especies.html</Path>
                <Anchor>a90a082e134d49bc8cee834b4ff5d0e8b</Anchor>
               </Node>
               <Node>
                <Name>crea_especie</Name>
                <Path>class_cjt__especies.html</Path>
                <Anchor>a96c09a2e9fb27a4bf48aba20dfa86bd8</Anchor>
               </Node>
               <Node>
                <Name>elimina_especie</Name>
                <Path>class_cjt__especies.html</Path>
                <Anchor>a869c218f09aa589d21f497196bb79e67</Anchor>
               </Node>
               <Node>
                <Name>existeix_especie</Name>
                <Path>class_cjt__especies.html</Path>
                <Anchor>a86bd41f60448306f12ec55e6fc054659</Anchor>
               </Node>
               <Node>
                <Name>calcular_distancia</Name>
                <Path>class_cjt__especies.html</Path>
                <Anchor>aa4191c64a5008de2272e0e3489aeb778</Anchor>
               </Node>
               <Node>
                <Name>obtener_gen</Name>
                <Path>class_cjt__especies.html</Path>
                <Anchor>a3a1dc5f705c2271ee9c1dfd14ac6822d</Anchor>
               </Node>
               <Node>
                <Name>tabla_distancias</Name>
                <Path>class_cjt__especies.html</Path>
                <Anchor>a653d6b120928015ad38a5dc30ebeec8e</Anchor>
               </Node>
               <Node>
                <Name>lee_cjt_especies</Name>
                <Path>class_cjt__especies.html</Path>
                <Anchor>a1f554d3f098484c20372c43b844752db</Anchor>
               </Node>
               <Node>
                <Name>imprime_cjt_especies</Name>
                <Path>class_cjt__especies.html</Path>
                <Anchor>aba7f0f935b6e0b8eb38337ad8675fead</Anchor>
               </Node>
               <Node>
                <Name>final</Name>
                <Path>class_cjt__especies.html</Path>
                <Anchor>a44c59750dd9223ea12f954247fd11504</Anchor>
               </Node>
               <Node>
                <Name>inicio</Name>
                <Path>class_cjt__especies.html</Path>
                <Anchor>aedcfb0e423c5c02653c8a5d362cfa784</Anchor>
               </Node>
               <Node>
                <Name>actual</Name>
                <Path>class_cjt__especies.html</Path>
                <Anchor>a2cd05fceb53ec9604eb4dcb6abea1c4d</Anchor>
               </Node>
               <Node>
                <Name>avanza</Name>
                <Path>class_cjt__especies.html</Path>
                <Anchor>acc3beaf9ea5a96f33296f5cc15b8b5a2</Anchor>
               </Node>
               <Node>
                <Name>cjt_especies</Name>
                <Path>class_cjt__especies.html</Path>
                <Anchor>a89de09003e9a86f62766d89ed22d599f</Anchor>
               </Node>
               <Node>
                <Name>taula_distancies</Name>
                <Path>class_cjt__especies.html</Path>
                <Anchor>a11b8753b208b06eac1585faafa8d7bae</Anchor>
               </Node>
               <Node>
                <Name>it</Name>
                <Path>class_cjt__especies.html</Path>
                <Anchor>a52fed7408be24ac0dc3462b24ddb06a0</Anchor>
               </Node>
              </Subnodes>
             </Node>
            </Subnodes>
           </Node>
           <Node>
            <Name>Cluster.cc</Name>
            <Path>_cluster_8cc.html</Path>
           </Node>
           <Node>
            <Name>Cluster.hh</Name>
            <Path>_cluster_8hh.html</Path>
            <Subnodes>
             <Node>
              <Name>Cluster</Name>
              <Path>class_cluster.html</Path>
              <Subnodes>
               <Node>
                <Name>Cluster</Name>
                <Path>class_cluster.html</Path>
                <Anchor>aee7feb1d599d4c8fda6c3ee83e86ba81</Anchor>
               </Node>
               <Node>
                <Name>Cluster</Name>
                <Path>class_cluster.html</Path>
                <Anchor>a4702942c6848ae6fbb7de215b49797d5</Anchor>
               </Node>
               <Node>
                <Name>Cluster</Name>
                <Path>class_cluster.html</Path>
                <Anchor>aaf336dfa4bfb02c0fd71395615636fb4</Anchor>
               </Node>
               <Node>
                <Name>sub_arbre_cluster</Name>
                <Path>class_cluster.html</Path>
                <Anchor>ace44d06aa5b728ebe1245905cabbf943</Anchor>
               </Node>
               <Node>
                <Name>escriure</Name>
                <Path>class_cluster.html</Path>
                <Anchor>aae67c144fc543eace946dc8a651b5b7a</Anchor>
               </Node>
               <Node>
                <Name>inm_escriure</Name>
                <Path>class_cluster.html</Path>
                <Anchor>a1856b0f1ca9243208451c965313af753</Anchor>
               </Node>
               <Node>
                <Name>cerca</Name>
                <Path>class_cluster.html</Path>
                <Anchor>a1014524cf8fca2165ee6ec5ed0eac743</Anchor>
               </Node>
              </Subnodes>
             </Node>
            </Subnodes>
           </Node>
           <Node>
            <Name>Especie.cc</Name>
            <Path>_especie_8cc.html</Path>
           </Node>
           <Node>
            <Name>Especie.hh</Name>
            <Path>_especie_8hh.html</Path>
            <Subnodes>
             <Node>
              <Name>Especie</Name>
              <Path>class_especie.html</Path>
              <Subnodes>
               <Node>
                <Name>Especie</Name>
                <Path>class_especie.html</Path>
                <Anchor>a272c2488719cc9874b2f174906675b3d</Anchor>
               </Node>
               <Node>
                <Name>Especie</Name>
                <Path>class_especie.html</Path>
                <Anchor>a9cd047acfec0dbd335b5801b0ade53d3</Anchor>
               </Node>
               <Node>
                <Name>kmer</Name>
                <Path>class_especie.html</Path>
                <Anchor>a2bd896f271d0983f609735df8809cccc</Anchor>
               </Node>
               <Node>
                <Name>consultar_gen</Name>
                <Path>class_especie.html</Path>
                <Anchor>a850af2b59a21e2d801c59d76ba5c1a98</Anchor>
               </Node>
               <Node>
                <Name>distancia</Name>
                <Path>class_especie.html</Path>
                <Anchor>a2037b4bf2d55d8c6ffb90811ad1c4a1b</Anchor>
               </Node>
               <Node>
                <Name>escriure</Name>
                <Path>class_especie.html</Path>
                <Anchor>ae24802ae0746b2560a48eea40f64760e</Anchor>
               </Node>
               <Node>
                <Name>gen</Name>
                <Path>class_especie.html</Path>
                <Anchor>ac35bb565f7346cd6317b3a8c849456d1</Anchor>
               </Node>
               <Node>
                <Name>k_meros</Name>
                <Path>class_especie.html</Path>
                <Anchor>a0c42a37fe5502ebbe9e91e364c90bd3e</Anchor>
               </Node>
              </Subnodes>
             </Node>
            </Subnodes>
           </Node>
           <Node>
            <Name>program.cc</Name>
            <Path>program_8cc.html</Path>
            <Subnodes>
             <Node>
              <Name>main</Name>
              <Path>program_8cc.html</Path>
              <Anchor>ae66f6b31b5ad750f1fe042a706a4e3d4</Anchor>
             </Node>
            </Subnodes>
           </Node>
          </Subnodes>
         </Node>
         <Node>
          <Name>Miembros de los ficheros</Name>
          <Path>globals.html</Path>
          <Subnodes>
           <Node>
            <Name>Todo</Name>
            <Path>globals.html</Path>
           </Node>
           <Node>
            <Name>Funciones</Name>
            <Path>globals_func.html</Path>
           </Node>
           <Node>
            <Name>defines</Name>
            <Path>globals_defs.html</Path>
           </Node>
          </Subnodes>
         </Node>
        </Subnodes>
       </Node>
      </Subnodes>
    </Node>
  </TOC>
</DocSetNodes>
