<?xml version="1.0" encoding="UTF-8"?>
<Tokens version="1.0">
  <Token>
    <TokenIdentifier>
      <Name>CJT_CLUSTER_HH</Name>
      <APILanguage>unknown</APILanguage>
      <Type>macro</Type>
    </TokenIdentifier>
    <Path>_cjt__clusters_8hh.html</Path>
    <Anchor>af283c7c3076dbf48e48e3af57118520f</Anchor>
    <DeclaredIn>Cjt_clusters.hh</DeclaredIn>
  </Token>
  <Token>
    <TokenIdentifier>
      <Name>main</Name>
      <APILanguage>c</APILanguage>
      <Type>func</Type>
    </TokenIdentifier>
    <Path>program_8cc.html</Path>
    <Anchor>ae66f6b31b5ad750f1fe042a706a4e3d4</Anchor>
    <Abstract>El main del programa.</Abstract>
    <DeclaredIn>program.cc</DeclaredIn>
  </Token>
  <Token>
    <TokenIdentifier>
      <Name>Cjt_clusters</Name>
      <APILanguage>c</APILanguage>
      <Type>cl</Type>
      <Scope>Cjt_clusters</Scope>
    </TokenIdentifier>
    <Path>class_cjt__clusters.html</Path>
    <Abstract>Crea un conjunt de clusters</Abstract>
    <DeclaredIn>Cjt_clusters.hh</DeclaredIn>
  </Token>
  <Token>
    <TokenIdentifier>
      <Name>imprime_cluster</Name>
      <APILanguage>cpp</APILanguage>
      <Type>instm</Type>
      <Scope>Cjt_clusters</Scope>
    </TokenIdentifier>
    <Path>class_cjt__clusters.html</Path>
    <Anchor>aeead6f73476c1d0a814403b801141741</Anchor>
    <Abstract>Imprimeix el cluster indicat.</Abstract>
    <DeclaredIn>Cjt_clusters.hh</DeclaredIn>
  </Token>
  <Token>
    <TokenIdentifier>
      <Name>inicialitza_clusters</Name>
      <APILanguage>cpp</APILanguage>
      <Type>instm</Type>
      <Scope>Cjt_clusters</Scope>
    </TokenIdentifier>
    <Path>class_cjt__clusters.html</Path>
    <Anchor>ac309c781b06d06ec9a2b4bc839c01f40</Anchor>
    <Abstract>Inicialitza els clusters del conjunt.</Abstract>
    <DeclaredIn>Cjt_clusters.hh</DeclaredIn>
  </Token>
  <Token>
    <TokenIdentifier>
      <Name>ejecuta_paso_wpgma</Name>
      <APILanguage>cpp</APILanguage>
      <Type>instm</Type>
      <Scope>Cjt_clusters</Scope>
    </TokenIdentifier>
    <Path>class_cjt__clusters.html</Path>
    <Anchor>a1804b08a854e11aefae84298c16bf9c8</Anchor>
    <Abstract>Fusiona els clusters que estan a menor distància.</Abstract>
    <DeclaredIn>Cjt_clusters.hh</DeclaredIn>
  </Token>
  <Token>
    <TokenIdentifier>
      <Name>imprime_arbol_filogenetico</Name>
      <APILanguage>cpp</APILanguage>
      <Type>instm</Type>
      <Scope>Cjt_clusters</Scope>
    </TokenIdentifier>
    <Path>class_cjt__clusters.html</Path>
    <Anchor>a8a92eefe19f7eafc403690a30d87b99e</Anchor>
    <Abstract>Imprimeix l&apos;arbre filogenètic.</Abstract>
    <DeclaredIn>Cjt_clusters.hh</DeclaredIn>
  </Token>
  <Token>
    <TokenIdentifier>
      <Name>elimina_especie_clusters</Name>
      <APILanguage>cpp</APILanguage>
      <Type>instm</Type>
      <Scope>Cjt_clusters</Scope>
    </TokenIdentifier>
    <Path>class_cjt__clusters.html</Path>
    <Anchor>ae81267c7b82d60b212c02f9ff040eca5</Anchor>
    <DeclaredIn>Cjt_clusters.hh</DeclaredIn>
  </Token>
  <Token>
    <TokenIdentifier>
      <Name>afegeix_especie_clusters</Name>
      <APILanguage>cpp</APILanguage>
      <Type>instm</Type>
      <Scope>Cjt_clusters</Scope>
    </TokenIdentifier>
    <Path>class_cjt__clusters.html</Path>
    <Anchor>aa032b0cd8fc22d549d986739b7e10b31</Anchor>
    <DeclaredIn>Cjt_clusters.hh</DeclaredIn>
  </Token>
  <Token>
    <TokenIdentifier>
      <Name>ejecuta_paso_wpgm_sense_imprimir</Name>
      <APILanguage>cpp</APILanguage>
      <Type>instm</Type>
      <Scope>Cjt_clusters</Scope>
    </TokenIdentifier>
    <Path>class_cjt__clusters.html</Path>
    <Anchor>adbe6fcbee6a22aaeb751b0df0ab16921</Anchor>
    <DeclaredIn>Cjt_clusters.hh</DeclaredIn>
  </Token>
  <Token>
    <TokenIdentifier>
      <Name>tabla_dist_clust</Name>
      <APILanguage>cpp</APILanguage>
      <Type>instm</Type>
      <Scope>Cjt_clusters</Scope>
    </TokenIdentifier>
    <Path>class_cjt__clusters.html</Path>
    <Anchor>a8298bacd14980c99c9558c72702174e8</Anchor>
    <DeclaredIn>Cjt_clusters.hh</DeclaredIn>
  </Token>
  <Token>
    <TokenIdentifier>
      <Name>imprime_tabla_distancias</Name>
      <APILanguage>cpp</APILanguage>
      <Type>instm</Type>
      <Scope>Cjt_clusters</Scope>
    </TokenIdentifier>
    <Path>class_cjt__clusters.html</Path>
    <Anchor>a73d9140aa2af9e2a189396cadbc8c327</Anchor>
    <DeclaredIn>Cjt_clusters.hh</DeclaredIn>
  </Token>
  <Token>
    <TokenIdentifier>
      <Name>min_dist</Name>
      <APILanguage>cpp</APILanguage>
      <Type>instm</Type>
      <Scope>Cjt_clusters</Scope>
    </TokenIdentifier>
    <Path>class_cjt__clusters.html</Path>
    <Anchor>a16a83a28b826a223d908689622e2d1ac</Anchor>
    <DeclaredIn>Cjt_clusters.hh</DeclaredIn>
  </Token>
  <Token>
    <TokenIdentifier>
      <Name>dist_clust</Name>
      <APILanguage>cpp</APILanguage>
      <Type>instm</Type>
      <Scope>Cjt_clusters</Scope>
    </TokenIdentifier>
    <Path>class_cjt__clusters.html</Path>
    <Anchor>a85f675adbd2142e12825c9bf84c53521</Anchor>
    <DeclaredIn>Cjt_clusters.hh</DeclaredIn>
  </Token>
  <Token>
    <TokenIdentifier>
      <Name>map_clusters</Name>
      <APILanguage>cpp</APILanguage>
      <Type>data</Type>
      <Scope>Cjt_clusters</Scope>
    </TokenIdentifier>
    <Path>class_cjt__clusters.html</Path>
    <Anchor>aee8b5f7c1021b21308fb657529c2ae0b</Anchor>
  </Token>
  <Token>
    <TokenIdentifier>
      <Name>tabla_distancias_cluster</Name>
      <APILanguage>cpp</APILanguage>
      <Type>data</Type>
      <Scope>Cjt_clusters</Scope>
    </TokenIdentifier>
    <Path>class_cjt__clusters.html</Path>
    <Anchor>aa8d53231821f38f1867001be195d8d63</Anchor>
  </Token>
  <Token>
    <TokenIdentifier>
      <Name>Cjt_especies</Name>
      <APILanguage>c</APILanguage>
      <Type>cl</Type>
      <Scope>Cjt_especies</Scope>
    </TokenIdentifier>
    <Path>class_cjt__especies.html</Path>
    <Abstract>Crea un conjunt d&apos;especies.</Abstract>
    <DeclaredIn>Cjt_especies.hh</DeclaredIn>
  </Token>
  <Token>
    <TokenIdentifier>
      <Name>Cjt_especies</Name>
      <APILanguage>cpp</APILanguage>
      <Type>instm</Type>
      <Scope>Cjt_especies</Scope>
    </TokenIdentifier>
    <Path>class_cjt__especies.html</Path>
    <Anchor>ab297567c73ccd8caefbd8760d90294a1</Anchor>
    <Abstract>Crea un conjunt d&apos;espècies buit.</Abstract>
    <DeclaredIn>Cjt_especies.hh</DeclaredIn>
  </Token>
  <Token>
    <TokenIdentifier>
      <Name>crea_especie</Name>
      <APILanguage>cpp</APILanguage>
      <Type>instm</Type>
      <Scope>Cjt_especies</Scope>
    </TokenIdentifier>
    <Path>class_cjt__especies.html</Path>
    <Anchor>a96c09a2e9fb27a4bf48aba20dfa86bd8</Anchor>
    <Abstract>Crea una espècie i la introdueix al conjunt.</Abstract>
    <DeclaredIn>Cjt_especies.hh</DeclaredIn>
  </Token>
  <Token>
    <TokenIdentifier>
      <Name>elimina_especie</Name>
      <APILanguage>cpp</APILanguage>
      <Type>instm</Type>
      <Scope>Cjt_especies</Scope>
    </TokenIdentifier>
    <Path>class_cjt__especies.html</Path>
    <Anchor>a869c218f09aa589d21f497196bb79e67</Anchor>
    <Abstract>Elimina la espècie indicada del conjunt d&apos;espècies.</Abstract>
    <DeclaredIn>Cjt_especies.hh</DeclaredIn>
  </Token>
  <Token>
    <TokenIdentifier>
      <Name>existeix_especie</Name>
      <APILanguage>cpp</APILanguage>
      <Type>instm</Type>
      <Scope>Cjt_especies</Scope>
    </TokenIdentifier>
    <Path>class_cjt__especies.html</Path>
    <Anchor>a86bd41f60448306f12ec55e6fc054659</Anchor>
    <Abstract>Consulta si existeix la espècie indicada.</Abstract>
    <DeclaredIn>Cjt_especies.hh</DeclaredIn>
  </Token>
  <Token>
    <TokenIdentifier>
      <Name>calcular_distancia</Name>
      <APILanguage>cpp</APILanguage>
      <Type>instm</Type>
      <Scope>Cjt_especies</Scope>
    </TokenIdentifier>
    <Path>class_cjt__especies.html</Path>
    <Anchor>aa4191c64a5008de2272e0e3489aeb778</Anchor>
    <Abstract>Consulta la distàncie entre dues espècies.</Abstract>
    <DeclaredIn>Cjt_especies.hh</DeclaredIn>
  </Token>
  <Token>
    <TokenIdentifier>
      <Name>obtener_gen</Name>
      <APILanguage>cpp</APILanguage>
      <Type>instm</Type>
      <Scope>Cjt_especies</Scope>
    </TokenIdentifier>
    <Path>class_cjt__especies.html</Path>
    <Anchor>a3a1dc5f705c2271ee9c1dfd14ac6822d</Anchor>
    <Abstract>Consulta el gen de la espècie demanada.</Abstract>
    <DeclaredIn>Cjt_especies.hh</DeclaredIn>
  </Token>
  <Token>
    <TokenIdentifier>
      <Name>tabla_distancias</Name>
      <APILanguage>cpp</APILanguage>
      <Type>instm</Type>
      <Scope>Cjt_especies</Scope>
    </TokenIdentifier>
    <Path>class_cjt__especies.html</Path>
    <Anchor>a653d6b120928015ad38a5dc30ebeec8e</Anchor>
    <Abstract>Escriu una taula de les distàncies entre espècies.</Abstract>
    <DeclaredIn>Cjt_especies.hh</DeclaredIn>
  </Token>
  <Token>
    <TokenIdentifier>
      <Name>lee_cjt_especies</Name>
      <APILanguage>cpp</APILanguage>
      <Type>instm</Type>
      <Scope>Cjt_especies</Scope>
    </TokenIdentifier>
    <Path>class_cjt__especies.html</Path>
    <Anchor>a1f554d3f098484c20372c43b844752db</Anchor>
    <Abstract>Lectura d&apos;un conjunt d&apos;espècies.</Abstract>
    <DeclaredIn>Cjt_especies.hh</DeclaredIn>
  </Token>
  <Token>
    <TokenIdentifier>
      <Name>imprime_cjt_especies</Name>
      <APILanguage>cpp</APILanguage>
      <Type>instm</Type>
      <Scope>Cjt_especies</Scope>
    </TokenIdentifier>
    <Path>class_cjt__especies.html</Path>
    <Anchor>aba7f0f935b6e0b8eb38337ad8675fead</Anchor>
    <Abstract>Escriptura del conjunt d&apos;espècies.</Abstract>
    <DeclaredIn>Cjt_especies.hh</DeclaredIn>
  </Token>
  <Token>
    <TokenIdentifier>
      <Name>final</Name>
      <APILanguage>cpp</APILanguage>
      <Type>instm</Type>
      <Scope>Cjt_especies</Scope>
    </TokenIdentifier>
    <Path>class_cjt__especies.html</Path>
    <Anchor>a44c59750dd9223ea12f954247fd11504</Anchor>
    <Abstract>Consulta si l&apos;iterador del mapa del conjunt d&apos;especies apunta al final d&apos;ell o no.</Abstract>
    <DeclaredIn>Cjt_especies.hh</DeclaredIn>
  </Token>
  <Token>
    <TokenIdentifier>
      <Name>inicio</Name>
      <APILanguage>cpp</APILanguage>
      <Type>instm</Type>
      <Scope>Cjt_especies</Scope>
    </TokenIdentifier>
    <Path>class_cjt__especies.html</Path>
    <Anchor>aedcfb0e423c5c02653c8a5d362cfa784</Anchor>
    <Abstract>Posiciona l&apos;iterador del mapa del conjunt d&apos;especies apuntant al primer element.</Abstract>
    <DeclaredIn>Cjt_especies.hh</DeclaredIn>
  </Token>
  <Token>
    <TokenIdentifier>
      <Name>actual</Name>
      <APILanguage>cpp</APILanguage>
      <Type>instm</Type>
      <Scope>Cjt_especies</Scope>
    </TokenIdentifier>
    <Path>class_cjt__especies.html</Path>
    <Anchor>a2cd05fceb53ec9604eb4dcb6abea1c4d</Anchor>
    <Abstract>El paràmetre explícit passa a tenir la informació del element apuntat pel iterador actual.</Abstract>
    <DeclaredIn>Cjt_especies.hh</DeclaredIn>
  </Token>
  <Token>
    <TokenIdentifier>
      <Name>avanza</Name>
      <APILanguage>cpp</APILanguage>
      <Type>instm</Type>
      <Scope>Cjt_especies</Scope>
    </TokenIdentifier>
    <Path>class_cjt__especies.html</Path>
    <Anchor>acc3beaf9ea5a96f33296f5cc15b8b5a2</Anchor>
    <Abstract>Avança la posició del iterador en una posició;.</Abstract>
    <DeclaredIn>Cjt_especies.hh</DeclaredIn>
  </Token>
  <Token>
    <TokenIdentifier>
      <Name>elimina_especie_tabla_dist</Name>
      <APILanguage>cpp</APILanguage>
      <Type>instm</Type>
      <Scope>Cjt_especies</Scope>
    </TokenIdentifier>
    <Path>class_cjt__especies.html</Path>
    <Anchor>aa9f562fc745558783a3634c38df07ad5</Anchor>
    <Abstract>Actualitza la taula de distàncies si s&apos;elimina una espècie.</Abstract>
    <DeclaredIn>Cjt_especies.hh</DeclaredIn>
  </Token>
  <Token>
    <TokenIdentifier>
      <Name>afegeix_especie_tabla_dist</Name>
      <APILanguage>cpp</APILanguage>
      <Type>instm</Type>
      <Scope>Cjt_especies</Scope>
    </TokenIdentifier>
    <Path>class_cjt__especies.html</Path>
    <Anchor>a90a082e134d49bc8cee834b4ff5d0e8b</Anchor>
    <Abstract>Actualitza la taula de distàncies si s&apos;afegeix una espècie.</Abstract>
    <DeclaredIn>Cjt_especies.hh</DeclaredIn>
  </Token>
  <Token>
    <TokenIdentifier>
      <Name>cjt_especies</Name>
      <APILanguage>cpp</APILanguage>
      <Type>data</Type>
      <Scope>Cjt_especies</Scope>
    </TokenIdentifier>
    <Path>class_cjt__especies.html</Path>
    <Anchor>a89de09003e9a86f62766d89ed22d599f</Anchor>
  </Token>
  <Token>
    <TokenIdentifier>
      <Name>taula_distancies</Name>
      <APILanguage>cpp</APILanguage>
      <Type>data</Type>
      <Scope>Cjt_especies</Scope>
    </TokenIdentifier>
    <Path>class_cjt__especies.html</Path>
    <Anchor>a11b8753b208b06eac1585faafa8d7bae</Anchor>
  </Token>
  <Token>
    <TokenIdentifier>
      <Name>it</Name>
      <APILanguage>cpp</APILanguage>
      <Type>data</Type>
      <Scope>Cjt_especies</Scope>
    </TokenIdentifier>
    <Path>class_cjt__especies.html</Path>
    <Anchor>a52fed7408be24ac0dc3462b24ddb06a0</Anchor>
  </Token>
  <Token>
    <TokenIdentifier>
      <Name>Cluster</Name>
      <APILanguage>c</APILanguage>
      <Type>cl</Type>
      <Scope>Cluster</Scope>
    </TokenIdentifier>
    <Path>class_cluster.html</Path>
    <Abstract>Representa la información y las operaciones asociadas a un organismo.</Abstract>
    <DeclaredIn>Cluster.hh</DeclaredIn>
  </Token>
  <Token>
    <TokenIdentifier>
      <Name>Cluster</Name>
      <APILanguage>cpp</APILanguage>
      <Type>instm</Type>
      <Scope>Cluster</Scope>
    </TokenIdentifier>
    <Path>class_cluster.html</Path>
    <Anchor>aee7feb1d599d4c8fda6c3ee83e86ba81</Anchor>
    <Abstract>Crea un cluster buit.</Abstract>
    <DeclaredIn>Cluster.hh</DeclaredIn>
  </Token>
  <Token>
    <TokenIdentifier>
      <Name>Cluster</Name>
      <APILanguage>cpp</APILanguage>
      <Type>instm</Type>
      <Scope>Cluster</Scope>
    </TokenIdentifier>
    <Path>class_cluster.html</Path>
    <Anchor>a4702942c6848ae6fbb7de215b49797d5</Anchor>
    <Abstract>Crea un cluster a partir d&apos;una espècie.</Abstract>
    <DeclaredIn>Cluster.hh</DeclaredIn>
  </Token>
  <Token>
    <TokenIdentifier>
      <Name>Cluster</Name>
      <APILanguage>cpp</APILanguage>
      <Type>instm</Type>
      <Scope>Cluster</Scope>
    </TokenIdentifier>
    <Path>class_cluster.html</Path>
    <Anchor>aaf336dfa4bfb02c0fd71395615636fb4</Anchor>
    <Abstract>Crea un cluster a partir de la fusió de dos altres.</Abstract>
    <DeclaredIn>Cluster.hh</DeclaredIn>
  </Token>
  <Token>
    <TokenIdentifier>
      <Name>sub_arbre_cluster</Name>
      <APILanguage>cpp</APILanguage>
      <Type>instm</Type>
      <Scope>Cluster</Scope>
    </TokenIdentifier>
    <Path>class_cluster.html</Path>
    <Anchor>ace44d06aa5b728ebe1245905cabbf943</Anchor>
    <Abstract>Consulta el subarbre del cluster, amb els fills dret i esquerra.</Abstract>
    <DeclaredIn>Cluster.hh</DeclaredIn>
  </Token>
  <Token>
    <TokenIdentifier>
      <Name>escriure</Name>
      <APILanguage>cpp</APILanguage>
      <Type>instm</Type>
      <Scope>Cluster</Scope>
    </TokenIdentifier>
    <Path>class_cluster.html</Path>
    <Anchor>aae67c144fc543eace946dc8a651b5b7a</Anchor>
    <Abstract>Escriu un cluster.</Abstract>
    <DeclaredIn>Cluster.hh</DeclaredIn>
  </Token>
  <Token>
    <TokenIdentifier>
      <Name>inm_escriure</Name>
      <APILanguage>cpp</APILanguage>
      <Type>instm</Type>
      <Scope>Cluster</Scope>
    </TokenIdentifier>
    <Path>class_cluster.html</Path>
    <Anchor>a1856b0f1ca9243208451c965313af753</Anchor>
    <DeclaredIn>Cluster.hh</DeclaredIn>
  </Token>
  <Token>
    <TokenIdentifier>
      <Name>cerca</Name>
      <APILanguage>cpp</APILanguage>
      <Type>instm</Type>
      <Scope>Cluster</Scope>
    </TokenIdentifier>
    <Path>class_cluster.html</Path>
    <Anchor>a1014524cf8fca2165ee6ec5ed0eac743</Anchor>
    <DeclaredIn>Cluster.hh</DeclaredIn>
  </Token>
  <Token>
    <TokenIdentifier>
      <Name>Especie</Name>
      <APILanguage>c</APILanguage>
      <Type>cl</Type>
      <Scope>Especie</Scope>
    </TokenIdentifier>
    <Path>class_especie.html</Path>
    <Abstract>Representa el conjunt de característiques y operacions de les especies.</Abstract>
    <DeclaredIn>Especie.hh</DeclaredIn>
  </Token>
  <Token>
    <TokenIdentifier>
      <Name>Especie</Name>
      <APILanguage>cpp</APILanguage>
      <Type>instm</Type>
      <Scope>Especie</Scope>
    </TokenIdentifier>
    <Path>class_especie.html</Path>
    <Anchor>a272c2488719cc9874b2f174906675b3d</Anchor>
    <Abstract>Crea una especie sense identificador ni gen.</Abstract>
    <DeclaredIn>Especie.hh</DeclaredIn>
  </Token>
  <Token>
    <TokenIdentifier>
      <Name>Especie</Name>
      <APILanguage>cpp</APILanguage>
      <Type>instm</Type>
      <Scope>Especie</Scope>
    </TokenIdentifier>
    <Path>class_especie.html</Path>
    <Anchor>a9cd047acfec0dbd335b5801b0ade53d3</Anchor>
    <Abstract>Crea una especie amb el gen i l&apos;identificador indicat.</Abstract>
    <DeclaredIn>Especie.hh</DeclaredIn>
  </Token>
  <Token>
    <TokenIdentifier>
      <Name>consultar_gen</Name>
      <APILanguage>cpp</APILanguage>
      <Type>instm</Type>
      <Scope>Especie</Scope>
    </TokenIdentifier>
    <Path>class_especie.html</Path>
    <Anchor>a850af2b59a21e2d801c59d76ba5c1a98</Anchor>
    <Abstract>Retorna el gen de la espècie.</Abstract>
    <DeclaredIn>Especie.hh</DeclaredIn>
  </Token>
  <Token>
    <TokenIdentifier>
      <Name>distancia</Name>
      <APILanguage>cpp</APILanguage>
      <Type>instm</Type>
      <Scope>Especie</Scope>
    </TokenIdentifier>
    <Path>class_especie.html</Path>
    <Anchor>a2037b4bf2d55d8c6ffb90811ad1c4a1b</Anchor>
    <Abstract>Retorna un double amb la distancia entre la espècie del paràmetre implícit i la que ha entrat per la ...</Abstract>
    <DeclaredIn>Especie.hh</DeclaredIn>
  </Token>
  <Token>
    <TokenIdentifier>
      <Name>escriure</Name>
      <APILanguage>cpp</APILanguage>
      <Type>instm</Type>
      <Scope>Especie</Scope>
    </TokenIdentifier>
    <Path>class_especie.html</Path>
    <Anchor>ae24802ae0746b2560a48eea40f64760e</Anchor>
    <Abstract>Escriu la espècie del paràmetre implícit.</Abstract>
    <DeclaredIn>Especie.hh</DeclaredIn>
  </Token>
  <Token>
    <TokenIdentifier>
      <Name>set_parametro</Name>
      <APILanguage>cpp</APILanguage>
      <Type>clm</Type>
      <Scope>Especie</Scope>
    </TokenIdentifier>
    <Path>class_especie.html</Path>
    <Anchor>a1d513b21daca76fa150dd1d62c590093</Anchor>
    <Abstract>Introdueix el paràmetre k com a static per calcular els k-meros.</Abstract>
    <DeclaredIn>Especie.hh</DeclaredIn>
  </Token>
  <Token>
    <TokenIdentifier>
      <Name>kmer</Name>
      <APILanguage>cpp</APILanguage>
      <Type>instm</Type>
      <Scope>Especie</Scope>
    </TokenIdentifier>
    <Path>class_especie.html</Path>
    <Anchor>a2bd896f271d0983f609735df8809cccc</Anchor>
    <Abstract>Calcula els kmeros d&apos;una espècie a partir del seu gen.</Abstract>
    <DeclaredIn>Especie.hh</DeclaredIn>
  </Token>
  <Token>
    <TokenIdentifier>
      <Name>gen</Name>
      <APILanguage>cpp</APILanguage>
      <Type>data</Type>
      <Scope>Especie</Scope>
    </TokenIdentifier>
    <Path>class_especie.html</Path>
    <Anchor>ac35bb565f7346cd6317b3a8c849456d1</Anchor>
    <Abstract>És el gen de la espècie.</Abstract>
  </Token>
  <Token>
    <TokenIdentifier>
      <Name>k_meros</Name>
      <APILanguage>cpp</APILanguage>
      <Type>data</Type>
      <Scope>Especie</Scope>
    </TokenIdentifier>
    <Path>class_especie.html</Path>
    <Anchor>a0c42a37fe5502ebbe9e91e364c90bd3e</Anchor>
    <Abstract>Map on guardem els k-meros de la especie.</Abstract>
  </Token>
  <Token>
    <TokenIdentifier>
      <Name>k_num</Name>
      <APILanguage>cpp</APILanguage>
      <Type>data</Type>
      <Scope>Especie</Scope>
    </TokenIdentifier>
    <Path>class_especie.html</Path>
    <Anchor>a8cea60787f2ca85fd94a2d96f853f93f</Anchor>
    <Abstract>Tamany que indica el tamany dels paquets per separar el gen de la especie.</Abstract>
  </Token>
</Tokens>
